Model,Accuracy,Precision,Recall,F1 Score
Logistic Regression,0.7612414467253177,0.8135942327497425,0.7198177676537585,0.7638385303359922
Random Forest,0.7409579667644184,0.7708830548926014,0.7357630979498861,0.752913752913753
Gradient Boosting,0.7653958944281525,0.8028445316331535,0.7457858769931663,0.7732640529050543
SVM,0.7651515151515151,0.839010989010989,0.6956719817767654,0.7606475716064757
