Model,RMSE,R2 Score
Linear Regression,1.1143849400916348,0.08180754931352707
Random Forest Regressor,1.011766481548208,0.2431255856537683
Gradient Boosting Regressor,0.9631727183135952,0.31408295600644665
